job_id,skill_id
0,0
0,1
66,1
76,0
76,1
81,1
106,1
116,0
116,2
134,0
139,3
139,1
145,4
148,0
148,5
148,1
167,0
167,6
167,1
177,2
177,1
205,0
205,7
205,186
205,8
217,9
217,10
217,11
217,0
220,1
220,4
220,0
220,12
248,1
248,4
248,2
276,0
284,0
284,1
284,13
284,14
284,3
359,6
359,1
411,2
411,0
411,1
411,9
436,1
477,1
477,15
484,1
484,5
484,0
490,0
490,16
490,1
491,0
491,1
492,1
524,1
524,0
534,8
534,16
534,1
534,0
554,14
554,17
593,0
609,0
669,1
685,1
691,0
691,1
705,4
707,1
707,4
707,3
715,0
715,1
763,4
763,1
763,2
787,1
787,5
804,1
804,0
804,3
804,4
804,2
804,18
804,62
804,6
811,4
811,3
811,1
811,8
811,19
811,0
811,2
836,0
836,1
868,0
868,1
868,5
870,0
870,20
870,1
886,7
886,186
886,0
886,1
931,1
931,0
964,0
1007,0
1007,5
1007,1
1061,1
1061,0
1061,2
1061,12
1098,0
1098,6
1098,21
1098,22
1098,2
1098,18
1098,62
1107,1
1107,0
1160,1
1175,0
1183,0
1183,5
1183,1
1211,1
1211,0
1211,8
1276,0
1317,1
1337,0
1348,0
1348,1
1356,7
1356,186
1357,1
1357,0
1357,22
1413,0
1413,3
1413,1
1413,2
1427,1
1462,0
1552,0
1552,1
1577,1
1594,4
1594,1
1594,0
1607,0
1607,1
1607,5
1609,1
1609,0
1613,1
1613,0
1623,1
1636,1
1646,0
1646,23
1654,14
1654,13
1654,4
1654,1
1675,1
1675,3
1675,4
1723,1
1723,21
1723,5
1750,0
1762,0
1777,5
1777,1
1783,1
1783,2
1783,24
1785,0
1785,10
1785,9
1785,12
1785,5
1785,1
1785,25
1788,0
1788,1
1788,5
1809,1
1828,1
1828,0
1828,2
1851,1
1878,26
1878,1
1878,4
1878,0
1883,1
1883,0
1900,1
1900,5
1900,0
1902,1
1902,6
1904,0
1937,1
1937,0
1959,0
1960,9
1960,17
1960,11
1970,1
1984,0
1985,0
1985,2
1985,12
1985,1
2000,1
2000,7
2000,186
2000,0
2000,5
2062,0
2062,24
2062,1
2089,1
2089,0
2089,8
2142,1
2142,3
2142,5
2152,1
2152,0
2280,1
2280,4
2281,4
2281,1
2281,3
2281,0
2293,1
2293,0
2293,26
2293,3
2293,4
2296,26
2296,13
2296,1
2301,0
2320,26
2320,13
2326,1
2326,5
2326,0
2326,7
2326,186
2331,0
2377,8
2377,0
2377,1
2414,0
2414,1
2514,0
2523,13
2523,1
2523,27
2523,8
2523,9
2523,14
2530,3
2530,2
2562,0
2562,1
2562,28
2568,1
2570,1
2570,0
2594,1
2594,0
2594,2
2604,0
2604,1
2629,1
2629,5
2629,26
2629,13
2629,0
2629,18
2629,62
2645,1
2645,3
2645,2
2651,1
2700,22
2700,1
2700,0
2728,1
2728,0
2728,2
2835,1
2835,29
2835,5
2850,0
2850,1
2850,5
2850,15
2866,7
2866,186
2866,0
2866,1
2866,14
2866,18
2866,62
2866,28
2878,1
2878,0
2878,16
2905,1
2905,30
2905,144
2911,3
2911,2
2911,18
2911,62
2911,24
2911,4
2911,1
2911,31
2911,9
2911,6
2911,0
2915,0
2915,1
2915,5
2923,0
2923,1
2923,5
2928,1
2928,4
2928,3
2935,3
2935,0
2935,1
2935,30
2935,144
2935,8
2942,0
2954,1
2954,0
3019,1
3019,5
3019,15
3019,0
3019,2
3049,0
3142,2
3142,24
3142,1
3196,0
3213,1
3213,5
3213,0
3273,26
3273,22
3273,0
3282,0
3282,1
3282,31
3290,7
3290,186
3290,5
3336,0
3336,1
3336,5
3336,4
3386,0
3386,5
3386,1
3386,7
3386,186
3400,1
3400,4
3400,3
3400,5
3400,7
3400,186
3402,0
3402,1
3402,5
3402,3
3402,20
3402,4
3402,8
3423,3
3451,0
3451,1
3465,1
3474,1
3474,0
3492,7
3492,186
3492,0
3492,1
3498,0
3510,0
3510,1
3540,0
3569,0
3569,1
3578,0
3578,12
3632,0
3632,1
3748,1
3799,1
3825,0
3825,1
3825,5
3865,1
3868,1
3868,0
3885,32
3942,6
3942,16
3942,0
3978,0
3978,2
3978,4
3978,27
3993,0
3993,5
3993,1
4029,0
4029,4
4029,5
4038,32
4038,20
4038,1
4123,1
4123,0
4146,8
4146,27
4146,4
4176,8
4195,0
4240,0
4240,1
4240,3
4240,14
4240,5
4283,0
4300,1
4300,12
4300,31
4331,14
4331,10
4331,11
4364,0
4375,1
4388,0
4451,26
4451,0
4451,1
4451,4
4451,3
4454,1
4454,5
4454,7
4454,186
4461,1
4461,0
4461,2
4462,0
4464,0
4469,5
4469,26
4472,0
4472,29
4483,1
4483,0
4544,1
4544,0
4544,2
4550,4
4550,1
4554,16
4554,0
4554,7
4554,186
4621,1
4621,5
4621,0
4621,26
4650,3
4650,1
4650,4
4668,8
4668,0
4730,0
4730,2
4730,18
4730,62
4734,0
4734,1
4753,1
4768,0
4768,23
4768,4
4768,25
4768,33
4768,14
4768,34
4768,1
4797,1
4797,8
4807,0
4807,1
4807,5
4836,1
4859,0
4859,4
4859,1
4876,0
4951,0
4951,7
4951,186
4951,23
4951,1
4951,5
4967,0
4967,5
4967,1
4974,1
4974,5
4974,0
4974,7
4974,186
5006,14
5006,0
5020,1
5020,6
5027,7
5027,186
5027,15
5030,0
5030,1
5030,8
5042,5
5050,1
5068,1
5155,5
5187,1
5196,0
5217,0
5217,1
5217,5
5299,0
5309,5
5309,1
5402,1
5402,4
5402,3
5402,0
5429,0
5485,0
5485,5
5485,7
5485,186
5485,1
5485,4
5488,26
5532,1
5532,4
5532,3
5532,0
5532,2
5532,18
5532,62
5602,4
5602,13
5602,3
5602,0
5602,1
5620,1
5620,5
5620,3
5620,0
5635,1
5635,0
5646,1
5646,0
5699,1
5699,35
5701,0
5701,1
5701,4
5783,3
5783,1
5783,5
5783,0
5783,15
5796,0
5796,1
5796,4
5815,0
5815,7
5815,186
5815,16
5888,0
5888,1
5888,4
5888,30
5888,144
5898,1
5898,5
5898,0
5898,12
5920,1
5920,0
5943,1
5973,0
5975,16
5975,0
5987,0
5987,1
5987,5
5987,15
5999,0
6018,1
6018,5
6036,3
6036,1
6036,4
6066,0
6075,1
6075,5
6075,0
6129,0
6129,6
6129,4
6129,1
6129,3
6156,1
6156,0
6160,0
6160,1
6160,4
6160,6
6204,1
6218,1
6226,1
6226,0
6226,8
6238,1
6246,3
6246,4
6246,1
6246,0
6295,0
6308,0
6308,1
6327,0
6327,1
6333,1
6336,0
6336,1
6360,1
6360,0
6361,0
6406,1
6406,3
6417,3
6419,5
6419,1
6419,7
6419,186
6443,12
6443,1
6443,4
6479,7
6479,186
6479,1
6479,0
6483,0
6483,1
6491,1
6518,1
6518,0
6612,0
6612,22
6616,0
6616,1
6721,1
6727,0
6727,1
6741,1
6741,5
6741,0
6803,8
6803,1
6810,1
6810,0
6810,4
6810,12
6810,6
6813,0
6813,1
6813,28
6827,0
6827,2
6827,18
6827,62
6877,1
6877,5
6877,0
6944,0
6944,1
6966,2
6966,1
6966,4
6966,3
6966,5
6966,0
6966,16
6975,1
6975,0
7013,1
7013,0
7040,0
7040,1
7046,0
7049,0
7055,0
7057,0
7057,1
7057,5
7057,4
7057,13
7091,1
7104,8
7113,0
7113,1
7120,0
7120,1
7154,1
7154,3
7154,0
7162,0
7171,9
7171,30
7171,144
7171,1
7201,23
7201,0
7204,1
7204,5
7204,22
7204,0
7204,4
7224,1
7224,0
7224,4
7224,12
7224,6
7281,1
7281,22
7340,8
7340,1
7389,1
7402,0
7402,2
7402,1
7402,5
7402,4
7402,13
7402,3
7435,8
7533,2
7533,0
7551,0
7551,5
7551,1
7551,3
7551,4
7551,13
7551,7
7551,186
7554,0
7554,8
7565,0
7569,1
7573,0
7573,1
7573,8
7585,4
7585,1
7585,3
7585,0
7611,17
7611,1
7614,1
7614,5
7616,1
7616,4
7616,9
7616,25
7616,30
7616,144
7616,5
7616,0
7616,18
7616,62
7618,0
7675,0
7696,1
7782,0
7782,26
7806,0
7809,0
7809,1
7809,5
7821,1
7904,0
7939,4
7939,3
7939,1
7939,2
7939,0
7939,24
7939,6
7953,0
7953,2
7953,8
7964,1
7964,0
7964,3
7964,4
8027,6
8027,0
8027,1
8027,3
8027,4
8109,1
8109,5
8129,1
8129,0
8149,9
8149,6
8149,1
8149,4
8165,1
8165,4
8180,5
8180,7
8180,186
8180,15
8180,0
8180,1
8180,4
8189,1
8189,0
8189,3
8189,5
8247,0
8247,5
8247,1
8247,14
8247,9
8256,10
8261,0
8261,1
8285,0
8285,1
8318,0
8318,1
8348,7
8348,186
8348,0
8348,5
8352,0
8352,1
8352,4
8352,3
8358,1
8393,1
8393,0
8393,4
8401,0
8401,1
8402,0
8402,5
8402,1
8403,4
8403,3
8403,1
8403,8
8403,0
8470,0
8470,1
8494,0
8518,0
8542,26
8542,0
8587,8
8587,0
8618,1
8618,0
8642,16
8642,0
8642,1
8645,0
8659,0
8659,1
8715,1
8757,0
8757,1
8765,5
8765,7
8765,186
8765,1
8765,15
8765,0
8769,1
8769,5
8769,0
8771,0
8771,1
8771,5
8771,7
8771,186
8771,6
8771,8
8779,4
8779,3
8779,1
8779,2
8779,0
8779,24
8779,6
8903,8
8903,0
8903,1
8958,1
8958,0
8958,26
8962,1
8962,0
8962,6
8974,16
8974,1
8974,0
8989,5
8989,6
8989,31
8989,1
8989,25
9004,8
9004,0
9004,5
9004,1
9025,11
9092,1
9092,3
9193,30
9193,144
9193,26
9193,18
9193,62
9198,0
9198,2
9198,14
9198,4
9198,1
9219,0
9219,1
9219,9
9240,1
9240,5
9257,1
9257,5
9257,0
9257,2
9257,9
9262,0
9262,1
9262,5
9359,36
9359,5
9359,1
9359,7
9359,186
9359,15
9359,8
9359,14
9359,4
9403,8
9403,0
9412,0
9412,4
9412,26
9412,13
9412,5
9412,1
9435,5
9435,1
9435,7
9435,186
9440,0
9440,1
9440,5
9440,4
9444,8
9503,1
9558,3
9558,1
9558,4
9642,0
9642,4
9654,0
9654,1
9654,5
9688,1
9688,4
9715,0
9715,7
9715,186
9777,1
9777,0
9777,9
9801,0
9801,1
9807,0
9854,0
9854,1
9854,20
9856,0
9856,1
9883,0
10022,0
10022,1
10022,4
10022,6
10031,0
10031,1
10041,1
10096,0
10096,1
10096,5
10121,0
10128,1
10133,0
10135,1
10135,2
10135,10
10135,11
10135,9
10135,4
10135,14
10189,0
10197,0
10197,1
10197,5
10204,0
10204,1
10204,5
10210,0
10210,3
10210,4
10216,0
10216,1
10259,1
10259,0
10259,5
10259,4
10259,15
10276,0
10276,1
10276,4
10276,3
10276,17
10276,2
10300,0
10300,1
10300,5
10339,1
10352,0
10352,2
10352,1
10361,1
10361,0
10402,1
10436,1
10436,4
10436,3
10436,0
10436,2
10436,18
10436,62
10453,1
10453,0
10467,1
10467,4
10467,3
10486,0
10490,1
10490,0
10549,5
10549,1
10588,1
10588,0
10604,0
10604,1
10659,0
10716,1
10716,0
10718,0
10718,1
10718,4
10718,26
10746,1
10842,2
10842,6
10842,0
10842,3
10842,4
10842,1
10870,0
10877,0
10877,5
10877,1
10877,20
10900,0
10900,6
10900,28
10909,0
10914,7
10914,186
10914,5
10914,0
10919,1
10919,4
10919,5
10919,29
10919,15
10919,3
10919,0
10919,18
10919,62
10919,14
10919,9
10929,8
10974,1
10974,0
10974,5
11007,3
11007,1
11007,0
11007,8
11040,22
11040,0
11046,0
11088,0
11088,2
11088,6
11090,0
11122,0
11122,1
11134,5
11134,1
11214,0
11214,1
11214,3
11214,4
11214,21
11232,1
11232,5
11232,4
11232,9
11232,0
11232,18
11232,62
11254,1
11254,3
11254,4
11262,0
11315,0
11315,1
11315,5
11315,9
11326,37
11326,1
11326,5
11326,7
11326,186
11326,0
11358,21
11359,8
11359,1
11359,6
11359,0
11373,1
11373,0
11373,7
11373,186
11373,6
11373,8
11419,0
11465,0
11476,0
11476,1
11477,6
11477,1
11477,0
11477,38
11519,0
11519,1
11525,7
11525,186
11538,8
11538,5
11538,1
11538,38
11543,8
11543,0
11543,5
11543,7
11543,186
11543,1
11580,0
11596,1
11596,4
11596,3
11596,26
11625,1
11634,9
11680,0
11680,1
11680,5
11710,0
11710,18
11710,62
11710,1
11710,5
11719,0
11719,8
11831,0
11831,1
11831,5
11853,1
11853,18
11853,62
11853,28
11895,0
11895,1
11925,0
11925,1
11925,5
11936,13
11936,4
11936,1
11936,2
11936,18
11936,62
11936,6
11936,0
11936,3
11984,0
11996,1
11996,5
11996,0
12000,1
12000,4
12000,3
12000,2
12000,18
12000,62
12002,1
12002,0
12002,5
12002,9
12014,2
12014,6
12014,0
12014,18
12014,62
12039,30
12039,144
12039,4
12068,0
12068,1
12068,4
12068,3
12080,1
12080,3
12080,5
12087,0
12094,5
12094,1
12094,0
12122,0
12137,5
12137,1
12162,4
12162,1
12162,0
12162,6
12174,0
12174,1
12174,4
12179,1
12224,0
12224,7
12224,186
12249,1
12249,5
12275,1
12285,0
12285,1
12297,0
12312,1
12312,13
12312,29
12312,8
12312,5
12386,0
12386,2
12386,1
12386,3
12386,4
12391,1
12391,25
12391,9
12391,18
12391,62
12436,1
12436,0
12460,1
12460,3
12460,4
12460,0
12471,0
12474,1
12474,4
12474,3
12474,8
12506,1
12506,0
12528,1
12544,1
12544,0
12546,0
12546,1
12546,5
12546,8
12590,1
12600,1
12600,0
12621,0
12621,1
12621,5
12646,1
12646,0
12646,5
12646,7
12646,186
12727,1
12727,0
12733,1
12733,0
12744,0
12744,1
12750,4
12750,3
12750,1
12766,5
12766,4
12766,14
12766,13
12766,8
12768,4
12805,0
12805,5
12805,1
12819,1
12819,0
12819,2
12824,5
12824,1
12824,3
12824,0
12824,6
12824,2
12824,18
12824,62
12833,0
12853,5
12853,1
12853,4
12853,13
12853,15
12853,22
12853,0
12952,1
12952,9
12952,10
12952,11
12971,0
12971,1
12971,4
12971,3
12971,26
13030,0
13030,5
13030,1
13068,0
13068,2
13068,1
13068,4
13068,3
13101,4
13101,1
13157,0
13193,9
13195,1
13195,5
13195,15
13195,0
13197,4
13197,1
13242,0
13242,20
13242,1
13368,1
13368,5
13368,0
13368,7
13368,186
13409,4
13409,1
13409,0
13429,1
13486,1
13486,5
13486,0
13492,1
13500,1
13500,6
13500,0
13517,10
13595,0
13595,1
13617,1
13617,39
13617,8
13617,31
13622,4
13622,3
13622,12
13622,0
13622,1
13653,1
13653,4
13655,0
13655,1
13655,30
13655,144
13655,4
13735,0
13761,5
13761,3
13761,1
13761,0
13765,0
13767,26
13767,8
13805,0
13808,1
13808,5
13808,4
13808,9
13808,13
13808,0
13808,2
13825,1
13825,4
13825,0
13825,2
13910,4
13910,1
13910,0
13923,1
13923,0
13942,1
13942,4
13942,0
13949,3
13949,0
13949,1
13949,5
13949,8
13967,4
13967,1
13967,0
14026,0
14027,0
14027,1
14032,1
14032,4
14032,0
14038,0
14050,1
14050,4
14050,26
14050,6
14152,0
14152,21
14152,7
14152,186
14166,1
14166,0
14198,0
14198,1
14198,5
14198,25
14232,1
14235,0
14235,1
14244,1
14244,0
14246,0
14246,1
14246,5
14252,7
14252,186
14252,5
14252,0
14255,0
14274,1
14274,4
14274,3
14274,0
14274,2
14274,24
14274,6
14275,0
14275,1
14275,5
14275,7
14275,186
14275,15
14302,2
14302,0
14302,1
14302,5
14302,7
14302,186
14302,15
14351,7
14351,186
14351,1
14359,1
14409,4
14409,1
14409,3
14461,0
14461,16
14469,2
14469,0
14469,1
14469,3
14475,0
14475,1
14475,14
14478,14
14478,0
14485,1
14485,0
14485,3
14485,5
14490,0
14526,0
14537,0
14617,0
14617,1
14617,5
14617,3
14617,4
14617,12
14655,8
14655,1
14655,4
14655,0
14655,12
14655,6
14666,0
14666,1
14666,5
14668,1
14668,5
14668,0
14670,1
14672,0
14672,1
14672,3
14672,14
14742,1
14742,0
14742,2
14757,1
14757,5
14757,0
14760,7
14760,186
14760,5
14760,0
14760,22
14760,1
14819,4
14819,3
14819,1
14819,6
14819,0
14864,1
14864,5
14868,22
14868,1
14868,5
14868,31
14868,13
14868,0
14872,1
14872,0
14901,0
14901,1
14901,4
14908,5
14908,1
14908,8
14951,0
14951,1
14997,1
15029,1
15029,9
15066,0
15071,0
15071,1
15071,5
15071,4
15071,13
15075,4
15075,3
15075,1
15075,2
15075,0
15075,24
15075,6
15103,0
15103,5
15103,25
15103,4
15103,30
15103,144
15103,40
15103,15
15117,1
15127,0
15225,0
15225,1
15225,26
15235,1
15235,0
15272,0
15272,4
15355,7
15355,186
15355,5
15355,0
15355,26
15376,0
15376,4
15376,13
15376,1
15376,8
15376,9
15431,1
15431,26
15474,0
15474,22
15474,5
15474,4
15474,3
15474,7
15474,186
15474,1
15474,31
15500,2
15500,9
15500,0
15523,8
15523,1
15537,1
15537,4
15537,5
15537,0
15537,31
15544,1
15544,13
15641,0
15641,3
15641,4
15700,0
15700,1
15711,1
15711,0
15711,7
15711,186
15711,5
15723,5
15723,1
15752,0
15753,1
15823,5
15826,0
15826,14
15845,0
15845,5
15858,13
15858,14
15858,4
15858,1
15858,15
15866,5
15866,1
15866,0
15887,1
15887,2
15887,0
15887,18
15887,62
15917,22
15917,0
15920,1
15920,4
15920,8
15971,13
15971,1
16007,1
16007,5
16007,0
16068,0
16068,1
16068,4
16078,1
16078,0
16195,0
16195,4
16195,1
16232,0
16232,1
16249,0
16249,2
16249,4
16249,3
16256,8
16256,6
16256,1
16279,1
16283,0
16283,1
16283,31
16283,6
16300,0
16332,1
16332,5
16332,0
16357,2
16357,6
16357,0
16357,3
16357,4
16357,1
16399,0
16399,1
16403,8
16455,0
16455,1
16455,6
16460,1
16460,4
16474,1
16474,5
16474,15
16474,0
16481,0
16509,0
16512,0
16512,7
16512,186
16512,5
16512,1
16518,1
16518,5
16518,0
16594,1
16594,9
16614,0
16614,1
16616,1
16620,0
16623,0
16623,1
16623,3
16623,2
16623,4
16635,0
16674,13
16674,4
16674,1
16674,0
16674,3
16674,2
16674,18
16674,62
16674,6
16678,7
16678,186
16678,0
16678,1
16678,5
16688,1
16688,0
16710,0
16710,1
16710,5
16721,1
16765,0
16766,1
16831,7
16831,186
16831,5
16831,15
16837,0
16837,1
16894,0
16894,2
16894,1
16894,5
16894,4
16894,13
16894,3
16898,1
16898,0
16904,14
16904,13
16904,1
16910,0
16910,1
16927,1
16927,0
16927,3
16939,0
16939,5
16948,1
16948,0
16972,1
16972,0
16976,0
16976,5
16979,1
16979,5
17168,0
17168,2
17168,18
17168,62
17168,1
17168,4
17227,0
17333,36
17333,15
17333,1
17333,8
17343,0
17463,1
17463,4
17463,3
17463,2
17468,1
17468,0
17468,10
17468,11
17475,0
17475,1
17482,0
17482,18
17482,62
17515,0
17515,5
17515,1
17541,0
17541,5
17541,1
17541,4
17541,20
17541,10
17541,11
17541,9
17596,0
17605,1
17605,0
17644,1
17662,13
17733,1
17733,0
17741,13
17741,4
17741,1
17741,0
17741,3
17741,2
17741,18
17741,62
17741,6
17743,22
17743,0
17786,3
17786,13
17786,5
17786,1
17789,8
17796,30
17796,144
17796,1
17796,4
17796,13
17796,3
17796,0
17796,2
17818,1
17818,20
17827,1
17827,13
17827,10
17850,0
17869,1
17871,0
17876,1
17876,4
17876,0
17882,0
17882,22
17922,1
17924,0
17939,7
17939,186
17939,0
17964,0
17964,1
17964,5
18018,0
18018,1
18018,4
18023,1
18056,5
18056,0
18082,2
18082,1
18082,7
18082,186
18082,0
18092,0
18092,1
18108,0
18108,2
18108,1
18125,0
18150,1
18150,5
18150,0
18150,2
18165,0
18165,2
18165,1
18187,7
18187,186
18187,1
18218,7
18218,186
18218,5
18218,1
18218,15
18218,18
18218,62
18243,0
18243,20
18243,1
18304,4
18304,1
18308,0
18308,8
18341,1
18341,3
18341,8
18341,0
18341,5
18378,18
18378,62
18378,2
18378,3
18378,24
18378,4
18379,39
18379,1
18379,0
18379,2
18379,10
18381,1
18381,14
18381,0
18381,2
18443,4
18443,3
18443,1
18443,2
18443,0
18443,24
18443,6
18453,4
18453,13
18453,1
18453,5
18453,0
18454,0
18522,7
18522,186
18522,22
18527,0
18527,1
18572,0
18626,0
18626,24
18663,1
18663,3
18663,6
18663,2
18666,2
18666,0
18688,7
18688,186
18688,0
18688,1
18688,5
18709,1
18709,5
18709,0
18709,2
18742,5
18742,0
18745,36
18745,4
18745,1
18745,9
18745,8
18745,19
18768,0
18798,1
18798,13
18837,0
18841,8
18841,9
18841,17
18856,5
18856,7
18856,186
18951,0
18951,14
18951,1
18951,3
18995,26
18995,18
18995,62
19036,1
19036,0
19036,5
19045,22
19045,0
19046,8
19049,0
19049,24
19049,1
19049,9
19069,1
19078,1
19088,0
19088,1
19116,1
19116,0
19122,1
19122,0
19130,4
19130,3
19130,1
19130,2
19130,24
19130,6
19163,3
19182,1
19182,3
19182,4
19182,9
19182,13
19182,0
19182,2
19194,0
19194,5
19194,1
19194,22
19256,1
19256,5
19272,1
19285,1
19341,1
19341,0
19346,6
19346,0
19346,1
19346,4
19346,3
19387,0
19387,1
19387,5
19387,7
19387,186
19419,7
19419,186
19521,1
19521,5
19528,0
19528,7
19528,186
19532,1
19532,5
19532,3
19595,0
19595,4
19595,1
19618,1
19618,0
19626,1
19626,0
19691,18
19691,62
19691,0
19691,1
19740,0
19792,0
19792,4
19792,1
19792,5
19792,14
19792,20
19833,1
19833,5
19833,0
19843,1
19912,1
19928,1
19956,0
19956,2
19956,1
19956,18
19956,62
19976,1
19976,5
19976,0
20039,0
20039,2
20053,1
20053,4
20053,27
20071,0
20071,1
20071,5
20071,2
20098,0
20098,1
20101,0
20156,1
20162,0
20162,16
20208,25
20208,14
20208,4
20208,0
20227,0
20227,1
20241,1
20255,1
20255,0
20262,0
20262,1
20307,0
20346,1
20346,9
20347,1
20347,0
20364,5
20368,1
20368,0
20368,5
20368,7
20368,186
20392,0
20411,0
20411,1
20411,9
20411,2
20411,4
20501,8
20501,0
20501,1
20554,1
20554,5
20554,0
20571,1
20571,0
20571,6
20592,0
20604,1
20609,1
20609,0
20625,0
20625,2
20652,26
20652,5
20652,1
20652,0
20652,4
20652,13
20656,1
20656,4
20656,5
20656,0
20656,2
20854,8
20864,23
20864,1
20864,4
20864,3
20864,2
20864,18
20864,62
20888,1
20888,0
20889,0
20889,1
20951,1
20961,1
20961,18
20961,62
20961,9
20961,2
20976,0
20976,2
20976,1
20976,6
20998,1
21039,1
21072,0
21072,1
21072,4
21072,3
21072,2
21113,1
21113,5
21113,0
21145,8
21145,7
21145,186
21145,5
21239,4
21239,1
21239,0
21264,1
21264,0
21264,28
21264,5
21302,4
21334,0
21334,1
21334,5
21415,0
21415,4
21415,1
21415,6
21431,0
21431,1
21453,1
21453,0
21453,5
21453,3
21453,4
21453,8
21486,1
21486,5
21486,0
21486,9
21514,1
21514,5
21514,0
21578,5
21578,1
21578,0
21580,0
21580,1
21638,2
21641,0
21641,1
21660,0
21660,1
21660,3
21660,4
21660,2
21669,0
21669,1
21678,1
21678,0
21678,4
21729,1
21729,0
21770,0
21878,3
21878,1
21887,1
21887,0
21887,26
21888,4
21913,0
21913,5
21913,1
21928,1
21928,5
21928,0
21932,4
21932,3
21932,1
21932,2
21932,0
21932,6
21933,1
21933,0
21954,0
21958,1
21958,3
21958,4
21958,2
21964,0
21999,1
21999,4
21999,0
21999,3
22013,5
22013,0
22013,1
22013,4
22013,15
22069,1
22069,22
22069,0
22139,1
22139,0
22139,26
22139,13
22139,4
22145,1
22145,0
22145,7
22145,186
22158,1
22158,0
22204,1
22204,0
22204,2
22209,27
22209,1
22262,0
22275,0
22275,1
22275,20
22275,14
22340,0
22340,1
22349,0
22349,1
22349,4
22372,0
22452,5
22452,1
22452,0
22453,1
22453,5
22453,4
22477,1
22477,0
22495,22
22558,0
22558,5
22558,1
22610,0
22610,2
22610,4
22610,3
22610,1
22674,1
22729,0
22729,7
22729,186
22729,5
22729,1
22729,2
22729,9
22756,8
22756,5
22791,0
22808,1
22808,4
22808,5
22808,0
22817,4
22817,9
22817,10
22817,11
22817,0
22851,22
22851,4
22851,0
22950,1
22950,0
22967,0
22967,1
22967,2
22967,8
22974,8
22974,39
22974,13
22974,27
23001,9
23001,17
23044,1
23110,1
23110,0
23110,5
23139,0
23139,1
23139,2
23209,0
23209,22
23209,21
23211,0
23225,1
23225,2
23225,4
23267,0
23267,1
23303,0
23303,5
23311,0
23311,5
23311,1
23336,5
23336,7
23336,186
23348,0
23364,1
23374,10
23374,11
23374,9
23374,0
23386,0
23431,4
23431,1
23452,1
23452,12
23452,20
23452,0
23498,4
23498,1
23508,9
23508,11
23524,1
23524,0
23547,0
23611,0
23611,37
23632,1
23633,0
23633,1
23633,5
23633,26
23634,0
23634,2
23634,1
23634,4
23634,13
23634,3
23670,1
23677,0
23677,1
23693,1
23693,0
23717,16
23717,4
23717,1
23717,0
23717,14
23743,1
23743,5
23743,8
23770,22
23770,1
23770,5
23770,31
23770,13
23770,0
23780,3
23780,0
23780,2
23852,1
23852,0
23884,1
23884,27
23884,9
23970,5
23970,1
23970,0
23971,4
23971,26
23971,36
23971,5
23971,1
23971,7
23971,186
23971,15
23996,4
23996,1
23996,3
23999,4
23999,3
23999,1
24016,1
24016,5
24016,3
24016,4
24016,13
24016,8
24113,0
24113,5
24113,1
24113,8
24175,1
24201,1
24201,5
24201,0
24221,1
24221,0
24221,3
24221,26
24221,13
24221,4
24240,0
24250,5
24250,1
24250,4
24250,13
24250,15
24250,22
24269,1
24282,0
24282,2
24282,1
24289,1
24289,2
24289,0
24291,0
24291,14
24322,0
24385,2
24385,0
24385,4
24385,13
24385,1
24385,5
24394,2
24394,1
24394,4
24394,3
24394,27
24394,5
24394,0
24394,28
24445,30
24445,144
24445,9
24445,1
24459,0
24525,4
24525,0
24525,1
24561,1
24561,14
24561,8
24595,1
24595,4
24595,17
24633,0
24821,4
24821,1
24838,0
24851,23
24887,1
24887,5
24929,1
24962,0
24962,5
24962,1
24989,0
25044,8
25044,1
25044,0
25044,22
25051,3
25051,0
25051,26
25052,3
25052,1
25054,14
25054,1
25054,3
25054,4
25054,0
25118,1
25118,0
25126,1
25126,5
25126,0
25126,13
25147,1
25152,0
25152,1
25167,0
25167,1
25167,9
25179,1
25197,0
25197,1
25197,5
25202,20
25217,1
25228,1
25228,0
25228,14
25233,0
25246,1
25246,5
25248,1
25248,0
25248,4
25248,2
25298,26
25298,0
25298,1
25298,8
25352,0
25352,5
25352,1
25354,0
25354,1
25363,1
25363,0
25375,1
25375,0
25397,0
25397,1
25398,0
25398,1
25398,31
25405,1
25405,4
25405,0
25416,1
25491,0
25507,4
25507,3
25517,0
25528,1
25528,4
25535,1
25535,0
25545,0
25545,1
25588,0
25588,5
25588,1
25605,0
25605,1
25605,6
25621,0
25630,1
25630,5
25630,0
25630,2
25653,1
25653,0
25653,16
25685,1
25712,7
25712,186
25712,0
25712,1
25712,5
25735,5
25735,1
25772,5
25772,1
25772,0
25804,0
25804,8
25814,0
25814,1
25814,3
25838,8
25874,0
25874,1
25874,22
25889,1
25889,0
25898,0
25898,1
25920,0
25920,2
25920,1
25937,1
25937,0
25937,4
25937,13
25960,0
25960,1
25995,0
26004,1
26004,0
26021,1
26021,8
26021,4
26021,13
26032,1
26032,5
26032,3
26032,0
26040,8
26045,1
26045,4
26045,3
26049,5
26049,7
26049,186
26169,1
26169,5
26229,0
26277,0
26277,2
26277,1
26277,12
26277,6
26305,0
26305,32
26305,4
26305,1
26314,1
26314,0
26322,1
26322,0
26336,0
26336,7
26336,186
26372,0
26372,1
26406,1
26406,0
26417,0
26450,0
26450,1
26450,4
26458,1
26458,4
26458,0
26482,1
26482,9
26482,5
26482,0
26489,0
26489,1
26489,5
26560,1
26560,0
26566,7
26566,186
26566,0
26583,1
26583,0
26602,0
26631,4
26631,1
26631,25
26631,0
26631,6
26652,7
26652,186
26652,0
26694,1
26695,2
26695,0
26695,9
26695,1
26709,4
26709,0
26765,1
26765,14
26765,0
26765,2
26765,18
26765,62
26798,0
26798,1
26835,0
26835,5
26851,14
26851,0
26889,0
26958,0
26965,1
26990,3
26990,1
26990,4
26994,0
26994,2
26994,18
26994,62
26994,1
26994,4
27036,5
27036,1
27176,15
27176,1
27187,0
27187,1
27214,1
27242,26
27242,1
27242,0
27242,5
27242,4
27242,12
27242,8
27251,0
27268,1
27268,0
27275,7
27275,186
27275,0
27275,1
27278,0
27278,1
27278,5
27303,5
27304,0
27304,1
27304,16
27325,1
27333,0
27333,1
27333,3
27333,8
27333,5
27364,0
27386,0
27387,1
27387,0
27395,0
27395,23
27412,2
27412,1
27412,0
27428,1
27428,0
27433,0
27436,5
27436,7
27436,186
27436,1
27436,0
27448,2
27448,0
27448,1
27448,4
27448,3
27458,0
27458,2
27458,18
27458,62
27501,1
27504,0
27544,0
27544,1
27544,17
27649,7
27649,186
27649,1
27649,5
27649,3
27649,0
27706,1
27831,1
27845,1
27901,8
27901,5
27901,0
27963,0
27963,7
27963,186
27963,1
27963,5
27971,4
27987,0
27988,1
27988,6
28000,0
28000,1
28033,1
28033,3
28033,4
28033,0
28033,7
28033,186
28033,5
28033,6
28040,0
28040,1
28073,1
28117,0
28117,1
28204,1
28204,0
28204,26
28204,13
28204,4
28216,0
28249,15
28249,1
28255,1
28255,0
28255,5
28287,1
28304,1
28304,5
28304,14
28304,13
28311,0
28311,1
28317,4
28317,0
28375,1
28375,5
28375,4
28375,13
28392,0
28392,1
28392,6
28427,1
28427,10
28427,0
28427,28
28474,0
28474,1
28474,5
28474,15
28477,0
28477,16
28483,0
28485,0
28485,1
28556,0
28556,1
28556,3
28568,5
28568,1
28629,0
28629,1
28641,0
28735,0
28756,8
28756,1
28756,4
28756,31
28756,13
28768,1
28768,8
28768,4
28768,13
28768,0
28771,1
28771,5
28771,29
28771,0
28776,0
28776,4
28776,14
28776,1
28776,5
28799,0
28799,1
28799,26
28812,1
28812,26
28840,1
28873,1
28873,5
28873,2
28873,18
28873,62
28873,0
28884,1
28884,4
28884,0
28886,4
28886,3
28886,1
28886,2
28886,0
28886,24
28886,6
28903,0
28903,1
28913,0
28913,5
28916,5
28932,0
28932,10
28935,4
28935,11
28935,9
28935,14
28935,1
28935,18
28935,62
28935,20
28944,1
28944,0
28944,2
28944,18
28944,62
28944,4
28944,3
28958,0
28979,0
29027,0
29027,1
29048,1
29048,4
29048,5
29057,0
29057,1
29096,1
29096,7
29096,186
29096,5
29096,0
29125,1
29125,4
29125,2
29134,1
29178,1
29178,0
29194,0
29206,1
29206,5
29206,0
29241,0
29241,1
29241,14
29249,1
29249,0
29254,0
29254,1
29288,1
29288,0
29346,17
29346,39
29346,0
29346,1
29361,0
29375,0
29426,1
29426,3
29426,0
29433,22
29433,1
29439,8
29439,1
29439,15
29439,5
29439,0
29473,0
29483,7
29483,186
29483,1
29483,5
29483,0
29489,15
29489,1
29510,8
29628,0
29628,1
29628,9
29631,5
29631,1
29631,7
29631,186
29631,0
29639,0
29639,1
29639,8
29648,4
29648,13
29648,14
29648,1
29648,9
29648,17
29690,3
29690,1
29690,4
29690,0
29703,0
29721,1
29763,1
29763,4
29763,14
29763,0
29791,0
29835,1
29835,0
29835,4
29884,1
29884,5
29884,0
29888,0
29914,0
29933,0
29935,22
29935,1
29935,5
29935,15
29947,8
29947,1
29947,0
29956,0
29975,0
29975,1
29975,5
29975,26
30059,1
30059,0
30105,1
30105,0
30131,0
30131,2
30145,14
30145,0
30145,9
30145,11
30164,1
30164,0
30166,3
30166,0
30166,1
30166,6
30178,0
30178,1
30203,1
30203,5
30203,2
30203,12
30241,1
30241,0
30268,0
30345,0
30345,1
30345,3
30361,0
30361,1
30361,5
30417,5
30417,1
30417,0
30430,1
30430,4
30430,18
30430,62
30444,1
30444,27
30444,3
30444,0
30460,0
30479,1
30479,5
30479,7
30479,186
30479,0
30480,1
30491,0
30546,0
30546,7
30546,186
30560,0
30560,1
30560,8
30576,1
30576,0
30711,8
30711,1
30726,0
30733,0
30733,7
30733,186
30740,1
30740,5
30740,4
30740,0
30751,1
30751,8
30751,12
30751,27
30751,0
30793,1
30793,0
30898,1
30898,0
30914,14
30914,9
30914,0
30931,0
30970,1
30975,0
31006,0
31020,0
31020,1
31020,2
31020,38
31049,0
31049,1
31049,2
31049,18
31049,62
31057,1
31057,0
31057,5
31057,7
31057,186
31073,0
31073,1
31076,0
31098,26
31098,0
31098,16
31098,5
31098,1
31102,0
31102,5
31102,7
31102,186
31102,1
31126,6
31126,1
31130,1
31130,3
31130,5
31151,4
31151,1
31151,6
31151,0
31160,5
31160,1
31160,0
31160,7
31160,186
31169,1
31169,13
31169,29
31169,8
31169,5
31295,5
31297,0
31297,1
31297,4
31297,3
31328,4
31328,14
31328,0
31328,1
31328,9
31341,1
31341,0
31384,0
31384,1
31424,0
31428,1
31428,4
31428,5
31435,3
31435,41
31435,4
31435,8
31435,13
31435,10
31435,11
31435,9
31435,17
31435,30
31435,144
31435,2
31475,1
31550,5
31550,1
31550,0
31616,15
31616,1
31616,0
31642,0
31642,8
31658,1
31658,5
31687,0
31687,1
31739,1
31739,4
31739,26
31739,13
31763,7
31763,186
31763,0
31763,1
31763,5
31774,0
31774,1
31774,3
31774,5
31834,1
31859,0
31859,18
31859,62
31859,1
31859,22
31859,4
31880,1
31883,0
31920,0
31920,1
31920,30
31920,144
31920,4
31963,5
31963,7
31963,186
31963,1
31963,4
31963,3
31963,0
32030,6
32030,4
32034,1
32040,0
32042,0
32042,1
32042,5
32042,6
32042,9
32042,25
32122,1
32122,0
32122,18
32122,62
32122,6
32158,26
32158,0
32158,1
32158,5
32173,0
32177,18
32177,62
32177,1
32177,4
32191,1
32238,0
32242,1
32242,3
32279,0
32279,1
32279,2
32307,0
32307,1
32332,1
32352,0
32352,22
32430,5
32430,1
32430,0
32430,7
32430,186
32439,0
32512,0
32550,0
32550,5
32550,1
32550,4
32550,19
32550,15
32550,2
32592,12
32592,6
32592,0
32592,28
32592,18
32592,62
32592,9
32592,1
32592,14
32612,1
32612,0
32616,1
32616,5
32616,0
32652,4
32652,1
32652,0
32688,1
32688,0
32689,1
32689,0
32689,2
32693,0
32693,1
32693,5
32713,0
32713,1
32713,5
32713,4
32713,13
32751,3
32751,1
32751,0
32763,0
32763,1
32763,5
32763,3
32929,0
32929,2
32929,4
32929,3
32929,1
32990,6
32990,1
32990,0
33034,9
33034,10
33034,11
33061,8
33117,7
33117,186
33131,5
33147,0
33198,4
33198,3
33198,1
33198,18
33198,62
33260,1
33260,6
33287,1
33341,0
33381,0
33381,17
33381,9
33381,1
33381,18
33381,62
33389,1
33389,0
33413,0
33414,6
33414,2
33414,18
33414,62
33427,0
33480,0
33480,14
33496,1
33496,0
33497,0
33497,1
33497,7
33497,186
33503,0
33503,8
33531,0
33531,1
33572,0
33676,4
33704,1
33704,3
33704,0
33704,24
33793,8
33793,2
33793,1
33793,3
33831,0
33831,1
33976,4
33976,3
33976,1
33976,2
33976,0
33976,24
33976,6
33999,1
33999,0
33999,24
33999,4
33999,3
33999,2
34016,1
34016,0
34021,0
34021,1
34021,12
34021,5
34125,1
34125,0
34148,1
34148,0
34165,12
34176,5
34176,1
34176,8
34218,5
34218,1
34223,1
34236,1
34236,0
34236,9
34236,18
34236,62
34238,0
34325,0
34325,1
34325,5
34325,4
34325,6
34331,0
34331,16
34331,1
34331,14
34351,8
34351,5
34351,1
34351,0
34351,15
34351,26
34358,22
34358,0
34399,1
34399,5
34399,0
34399,8
34416,1
34416,0
34441,1
34441,0
34441,8
34477,0
34477,1
34477,5
34571,1
34571,4
34571,13
34571,3
34571,0
34571,2
34616,1
34616,5
34616,0
34662,1
34698,0
34705,0
34705,6
34747,1
34747,0
34747,32
34747,3
34747,18
34747,62
34764,0
34764,16
34768,0
34768,1
34806,31
34806,4
34806,1
34806,2
34806,3
34806,5
34806,0
34806,6
34813,0
34813,5
34813,1
34841,0
34841,1
34843,6
34884,1
34884,4
34884,0
34890,1
34896,4
34896,1
34896,12
34896,9
34896,17
34896,10
34896,11
34922,1
34924,5
34924,18
34924,62
34924,1
35028,0
35028,5
35028,1
35028,7
35028,186
35051,1
35051,29
35062,1
35062,4
35062,14
35062,0
35075,8
35102,0
35224,8
35229,1
35229,0
35255,4
35266,0
35266,16
35266,2
35266,1
35322,2
35322,0
35402,3
35459,0
35459,4
35459,1
35513,0
35527,7
35527,186
35527,0
35527,1
35527,5
35545,0
35617,0
35617,1
35617,5
35617,7
35617,186
35617,4
35617,9
35617,3
35665,1
35665,0
35665,2
35667,4
35667,3
35667,1
35667,2
35667,0
35667,24
35667,6
35672,1
35672,26
35672,0
35672,2
35672,18
35672,62
35681,3
35681,4
35681,1
35681,0
35681,8
35752,1
35752,5
35752,0
35769,4
35769,1
35802,0
35844,0
35844,1
35844,5
35931,0
35931,1
35931,16
35949,0
35949,2
35970,0
35977,0
36048,0
36048,24
36048,20
36077,4
36089,7
36089,186
36089,0
36089,5
36089,1
36101,1
36101,4
36101,0
36101,7
36101,186
36151,0
36151,1
36151,5
36151,4
36151,9
36221,1
36221,5
36221,3
36221,0
36273,4
36273,1
36318,1
36318,3
36318,8
36318,13
36342,0
36377,5
36377,31
36377,1
36377,7
36377,186
36377,4
36377,13
36377,14
36435,0
36435,1
36488,0
36488,1
36488,5
36488,7
36488,186
36488,8
36499,30
36499,144
36499,1
36499,4
36507,0
36507,1
36507,5
36507,4
36516,1
36615,1
36615,0
36624,0
36624,1
36624,5
36644,0
36644,14
36644,18
36644,62
36648,0
36648,1
36649,0
36649,7
36649,186
36649,1
36649,5
36649,12
36655,1
36655,0
36655,7
36655,186
36655,5
36674,1
36674,8
36685,0
36685,1
36697,0
36716,4
36716,26
36755,5
36755,7
36755,186
36846,32
36846,1
36846,0
36928,0
36928,1
36928,3
36959,0
36986,0
36986,18
36986,62
36986,1
37044,0
37044,1
37091,15
37091,5
37091,1
37128,0
37128,1
37128,5
37128,8
37242,0
37242,21
37242,1
37245,4
37245,3
37245,1
37245,2
37245,24
37245,6
37249,0
37249,1
37256,1
37258,1
37290,1
37290,5
37290,13
37310,1
37318,1
37318,0
37324,1
37324,0
37324,2
37324,12
37346,0
37454,5
37454,7
37454,186
37454,0
37454,9
37469,0
37484,0
37505,1
37518,0
37518,1
37521,8
37521,0
37521,1
37580,4
37580,13
37580,14
37580,0
37580,2
37580,18
37580,62
37580,1
37580,20
37580,5
37590,1
37590,5
37590,3
37590,0
37606,0
37606,7
37606,186
37606,1
37606,5
37606,16
37614,1
37614,0
37617,1
37617,5
37617,0
37617,15
37617,7
37617,186
37657,0
37669,5
37669,1
37669,0
37669,6
37715,0
37739,1
37739,5
37753,26
37753,1
37753,5
37753,7
37753,186
37753,0
37787,0
37805,0
37805,5
37805,8
37814,1
37814,0
37814,8
37864,1
37865,1
37865,13
37865,4
37865,5
37865,26
37865,3
37890,5
37890,1
37890,0
37890,4
37890,9
37890,26
37890,13
37890,19
37901,0
37930,1
37930,3
37930,0
37934,35
37934,0
37990,0
37990,1
37990,6
38036,8
38036,1
38036,5
38045,1
38045,5
38045,0
38045,4
38059,4
38059,1
38059,42
38192,22
38204,32
38204,1
38266,1
38266,5
38272,4
38272,3
38272,1
38272,8
38287,0
38298,5
38298,1
38298,0
38366,0
38366,1
38369,0
38369,5
38369,1
38407,1
38407,4
38407,3
38407,5
38407,0
38412,0
38436,1
38436,0
38436,28
38437,0
38437,5
38437,1
38463,0
38463,1
38636,0
38650,8
38650,0
38650,2
38650,1
38650,4
38677,0
38677,1
38677,20
38712,8
38713,1
38713,0
38755,1
38755,0
38831,0
38831,1
38878,1
38894,1
38894,3
38903,0
38903,1
38903,5
38903,7
38903,186
38928,3
38928,6
38930,0
38937,1
38967,1
38967,5
39019,0
39019,1
39038,1
39038,0
39052,0
39144,26
39144,13
39144,1
39156,0
39156,1
39291,4
39291,3
39291,1
39291,0
39291,2
39341,0
39341,2
39349,1
39349,4
39364,0
39403,1
39403,0
39460,26
39460,1
39460,5
39460,0
39506,1
39506,7
39506,186
39506,0
39506,5
39506,9
39519,1
39540,1
39540,0
39540,2
39541,0
39541,14
39541,1
39591,0
39634,0
39634,5
39634,1
39670,7
39670,186
39670,5
39670,0
39681,1
39681,0
39718,3
39718,1
39718,5
39718,0
39718,15
39733,1
39733,7
39733,186
39733,0
39745,1
39745,4
39745,3
39745,2
39745,0
39745,24
39745,6
39764,5
39764,1
39764,0
39826,0
39937,0
39937,1
39951,1
39964,3
39964,18
39964,62
39964,0
39964,2
39993,1
39993,0
40041,1
40041,0
40041,4
40079,0
40079,1
40120,0
40120,5
40120,1
40229,0
40229,1
40229,20
40229,12
40358,0
40358,1
40443,5
40443,4
40443,1
40475,3
40475,1
40475,0
40475,2
40488,18
40488,62
40488,0
40504,1
40504,5
40504,0
40573,0
40573,5
40573,7
40573,186
40573,1
40603,1
40603,0
40617,5
40617,1
40617,13
40671,0
40671,1
40690,22
40690,0
40690,5
40719,0
40719,12
40719,1
40719,20
40719,6
40741,1
40741,5
40750,4
40750,22
40750,1
40750,0
40773,1
40785,1
40785,5
40785,3
40822,0
40822,2
40822,26
40822,14
40822,1
40822,4
40822,5
40822,3
40822,30
40822,144
40822,31
40836,5
40836,1
40836,7
40836,186
40836,15
40836,0
40849,1
40849,3
40849,2
40849,0
40874,1
40874,4
40874,3
40925,0
40925,2
40925,1
40925,31
40925,6
40944,0
40944,10
40944,11
40944,9
40944,8
40957,3
40957,1
40957,0
41003,1
41064,1
41064,0
41112,0
41112,1
41112,5
41112,8
41112,13
41121,14
41121,1
41129,0
41129,22
41137,1
41145,0
41145,5
41145,1
41176,0
41176,1
41186,0
41261,5
41261,1
41261,0
41311,1
41311,0
41364,1
41364,0
41364,5
41432,1
41432,4
41432,9
41471,0
41471,5
41484,0
41484,1
41484,4
41484,5
41505,6
41505,1
41554,20
41554,0
41554,14
41607,1
41607,5
41627,1
41627,5
41627,4
41647,2
41647,0
41647,1
41647,5
41647,12
41652,0
41652,1
41675,38
41693,0
41759,8
41759,1
41759,5
41759,0
41782,0
41784,0
41784,3
41784,1
41784,6
41805,1
41805,9
41805,3
41864,0
41864,1
41886,5
41886,1
41886,3
41886,4
41886,0
41886,6
41887,1
41887,0
41887,2
41887,18
41887,62
41929,0
41929,2
42007,0
42007,9
42035,1
42039,1
42061,5
42061,1
42061,0
42145,0
42145,1
42145,5
42145,4
42145,3
42145,25
42145,9
42150,0
42150,1
42237,8
42245,1
42245,8
42265,1
42265,5
42265,3
42265,0
42269,0
42269,16
42269,1
42287,1
42287,0
42287,5
42287,7
42287,186
42317,15
42327,0
42327,1
42327,25
42327,31
42327,3
42327,16
42327,2
42327,18
42327,62
42350,0
42351,6
42351,1
42353,0
42353,1
42475,4
42475,0
42475,1
42478,1
42522,1
42522,5
42522,3
42522,0
42634,1
42706,1
42757,0
42757,8
42758,0
42758,1
42763,0
42763,5
42763,1
42763,4
42791,8
42791,1
42795,1
42795,0
42870,0
42952,0
42968,32
42968,0
42972,0
42972,1
42972,5
42972,15
42998,0
42998,7
42998,186
43037,1
43037,0
43040,0
43085,0
43090,0
43105,0
43106,0
43106,1
43106,5
43106,7
43106,186
43158,8
43158,20
43158,1
43210,0
43257,16
43257,9
43257,1
43257,0
43259,0
43261,1
43261,5
43261,4
43261,0
43283,0
43283,1
43329,2
43330,0
43330,14
43341,1
43341,0
43371,0
43371,18
43371,62
43371,1
43371,31
43371,16
43383,1
43383,0
43443,0
43520,0
43520,1
43520,8
43520,4
43520,3
43553,0
43583,5
43583,1
43671,1
43697,1
43706,1
43719,6
43719,1
43734,1
43734,0
43832,0
43832,1
43848,1
43848,5
43869,0
43879,0
43879,1
43897,8
43897,0
43897,5
43897,3
43897,4
43903,1
43903,0
43903,26
43945,1
43970,0
44005,1
44005,5
44043,0
44043,1
44043,5
44077,0
44077,1
44077,5
44155,1
44155,3
44155,5
44155,4
44178,0
44187,0
44200,0
44270,0
44270,1
44293,0
44322,1
44322,0
44322,5
44322,29
44322,2
44322,18
44322,62
44336,1
44336,4
44336,0
44340,0
44340,1
44340,2
44369,1
44369,5
44369,0
44377,1
44377,4
44377,3
44377,0
44422,5
44422,1
44422,13
44422,9
44422,8
44425,0
44425,1
44425,16
44439,0
44439,1
44522,1
44522,0
44539,4
44539,14
44539,13
44539,3
44539,5
44539,1
44539,0
44558,26
44558,5
44558,1
44600,1
44600,4
44600,3
44600,0
44600,2
44600,18
44600,62
44608,0
44608,22
44608,1
44608,5
44610,0
44610,5
44610,1
44641,9
44697,1
44697,0
44719,1
44719,0
44765,0
44776,24
44776,0
44776,2
44776,1
44815,1
44895,0
44895,1
44908,1
44908,0
44919,1
44938,0
44970,1
44970,0
44994,5
44994,1
44994,7
44994,186
45010,1
45069,0
45074,5
45074,1
45074,0
45090,1
45090,5
45090,0
45090,2
45090,3
45090,4
45107,0
45107,1
45109,0
45109,16
45186,1
45189,0
45189,14
45189,4
45189,9
45189,30
45189,144
45212,1
45309,1
45309,5
45309,0
45311,7
45311,186
45311,0
45334,0
45334,2
45334,1
45334,4
45334,13
45344,0
45344,1
45580,15
45580,5
45580,1
45592,1
45685,1
45685,5
45685,29
45706,9
45706,17
45706,11
45714,0
45721,1
45730,9
45741,8
45741,1
45744,1
45744,0
45758,5
45788,1
45788,4
45788,0
45796,26
45796,0
45796,1
45796,5
45816,1
45816,5
45816,2
45816,0
45816,4
45816,3
45828,0
45840,0
45847,1
45847,0
45847,4
45864,1
45864,5
45884,1
45884,0
45972,5
45984,1
45984,2
45984,0
46011,0
46013,22
46022,0
46022,7
46022,186
46022,5
46031,0
46059,0
46059,1
46071,0
46084,1
46084,0
46118,1
46118,4
46118,3
46118,0
46122,1
46122,17
46122,0
46122,5
46124,1
46124,0
46124,5
46124,4
46124,6
46193,0
46222,1
46222,0
46222,5
46239,0
46239,1
46239,5
46239,8
46254,0
46255,0
46255,1
46271,0
46310,1
46310,0
46343,0
46343,1
46343,4
46399,1
46399,0
46399,2
46399,4
46402,1
46417,5
46417,1
46417,7
46417,186
46417,0
46417,9
46460,1
46460,0
46474,1
46484,7
46484,186
46492,0
46492,1
46492,5
46562,0
46569,0
46571,0
46604,22
46604,0
46625,1
46625,0
46708,0
46708,1
46865,1
46865,3
46865,4
46865,0
46960,7
46960,186
46960,0
46976,6
46976,31
46976,4
46976,1
46976,3
46976,13
46976,0
46987,0
47002,1
47003,1
47003,0
47009,0
47009,1
47009,5
47009,2
47009,18
47009,62
47028,14
47028,13
47028,1
47028,5
47028,4
47030,0
47030,18
47030,62
47030,10
47030,9
47151,0
47151,1
47230,1
47232,1
47232,5
47232,0
47235,2
47235,18
47235,62
47235,0
47235,1
47301,0
47301,25
47301,30
47301,144
47301,9
47301,10
47301,11
47301,1
47301,5
47385,1
47385,0
47409,26
47428,1
47428,0
47545,0
47545,5
47545,1
47597,7
47597,186
47597,5
47597,1
47597,13
47597,4
47658,1
47658,0
47667,1
47667,4
47694,1
47694,0
47721,0
47732,1
47732,24
47732,31
47732,0
47742,1
47742,6
47764,0
47764,1
47764,4
47764,6
47778,18
47778,62
47778,1
47778,5
47778,3
47788,0
47788,5
47788,1
47922,0
47966,8
47966,1
47990,1
47990,3
47990,0
47990,2
47990,18
47990,62
48004,0
48036,0
48045,1
48045,0
48062,0
48062,7
48062,186
48062,1
48107,3
48107,0
48111,1
48111,0
48131,0
48131,1
48131,5
48131,30
48131,144
48131,25
48131,9
48171,0
48200,26
48215,1
48215,5
48244,0
48244,1
48244,8
48254,1
48254,0
48278,4
48308,7
48308,186
48308,37
48309,0
48313,1
48313,0
48313,4
48357,0
48357,1
48358,3
48358,7
48358,186
48358,5
48358,1
48406,1
48406,4
48406,3
48413,9
48413,1
48413,18
48413,62
48413,0
48445,5
48445,1
48445,0
48445,7
48445,186
48448,0
48448,1
48448,4
48448,28
48448,26
48453,3
48453,1
48453,0
48464,0
48489,0
48489,5
48489,1
48517,0
48517,30
48517,144
48517,9
48523,0
48523,1
48550,1
48550,5
48776,1
48795,1
48795,0
48795,2
48797,1
48797,5
48797,2
48797,3
48798,0
48886,1
48886,26
48969,1
48969,0
49102,1
49102,0
49107,4
49154,7
49154,186
49154,1
49154,5
49162,1
49162,0
49162,5
49162,4
49162,26
49162,13
49162,39
49162,30
49162,144
49162,43
49162,9
49162,25
49162,11
49226,0
49226,1
49303,7
49303,186
49303,5
49303,0
49312,7
49312,186
49337,17
49337,1
49337,0
49363,1
49363,0
49366,1
49366,2
49419,0
49443,0
49443,1
49485,0
49485,1
49485,5
49485,14
49485,9
49485,10
49518,1
49518,0
49551,1
49553,0
49553,5
49553,1
49553,7
49553,186
49588,0
49602,0
49602,5
49602,1
49602,3
49629,1
49643,0
49643,1
49643,16
49643,20
49699,1
49699,3
49699,0
49708,1
49739,0
49739,16
49807,1
49807,5
49807,3
49807,15
49850,0
49850,10
49850,11
49850,25
49850,4
49850,14
49850,1
49958,3
49958,6
49958,0
50128,1
50128,0
50156,1
50156,4
50156,5
50156,15
50156,0
50156,7
50156,186
50170,2
50170,0
50195,5
50195,1
50224,7
50224,186
50256,1
50256,5
50256,4
50256,0
50333,0
50333,5
50333,1
50346,2
50346,3
50346,4
50401,8
50405,0
50405,1
50446,0
50489,0
50514,0
50514,7
50514,186
50537,0
50537,1
50554,0
50554,13
50554,42
50554,14
50554,23
50573,0
50576,8
50597,1
50597,4
50683,1
50683,20
50683,5
50683,4
50683,3
50683,0
50683,8
50690,2
50690,6
50690,0
50690,3
50690,4
50690,1
50690,8
50734,1
50734,0
50734,2
50734,5
50737,1
50737,0
50737,8
50740,1
50740,0
50740,18
50740,62
50761,1
50761,0
50761,7
50761,186
50788,1
50788,5
50788,0
50833,0
50833,1
50857,1
50983,1
50983,5
51003,1
51003,13
51003,4
51003,5
51003,3
51054,0
51122,5
51122,0
51122,1
51122,3
51122,4
51122,13
51122,8
51157,1
51157,3
51157,0
51182,0
51186,0
51187,0
51284,1
51284,0
51304,7
51304,186
51304,5
51304,1
51329,1
51329,5
51329,0
51329,3
51436,0
51436,1
51436,30
51436,144
51450,1
51451,0
51451,5
51451,1
51466,0
51466,1
51555,1
51555,4
51555,9
51555,0
51591,1
51591,5
51591,4
51611,0
51625,5
51625,1
51625,15
51625,0
51668,0
51668,1
51677,1
51677,5
51677,4
51677,9
51677,2
51691,31
51709,0
51709,1
51776,0
51776,1
51776,5
51807,1
51807,12
51858,1
51858,0
51880,0
51882,12
51882,1
51882,31
51882,13
51882,0
51882,2
51963,4
51963,1
51963,6
51963,26
51982,0
51994,5
51994,1
51994,0
51999,14
52049,0
52049,5
52049,1
52057,0
52075,0
52102,0
52108,0
52109,1
52109,30
52109,144
52109,0
52119,1
52119,0
52283,7
52283,186
52283,5
52283,1
52283,0
52296,14
52351,1
52351,4
52351,0
52351,2
52351,24
52378,2
52378,4
52443,14
52443,13
52443,1
52468,1
52484,1
52495,0
52495,3
52509,0
52509,4
52511,0
52511,5
52511,1
52546,1
52546,5
52554,7
52554,186
52554,0
52554,2
52554,21
52554,5
52554,1
52566,4
52566,3
52566,1
52629,26
52693,1
52693,0
52735,9
52762,5
52762,1
52916,8
52929,1
52929,0
52929,9
52929,18
52929,62
52953,38
52961,1
52993,23
52994,23
52994,1
53011,1
53011,5
53011,0
53054,5
53055,4
53055,3
53055,1
53055,0
53109,1
53138,4
53147,1
53147,0
53173,0
53173,8
53181,0
53181,7
53181,186
53211,0
53239,0
53241,1
53241,5
53331,5
53331,1
53331,0
53355,0
53355,1
53355,16
53389,26
53389,1
53389,4
53389,0
53393,1
53393,0
53407,5
53407,1
53407,0
53422,0
53477,1
53477,0
53477,3
53553,1
53553,4
53553,0
53665,1
53665,13
53665,29
53665,8
53665,5
53727,7
53727,186
53727,5
53727,1
53746,0
53759,1
53759,15
53769,0
53769,1
53783,0
53799,1
53799,0
53799,5
53828,0
53828,1
53828,25
53828,4
53828,14
53828,9
53828,10
53828,11
53921,0
53921,16
53921,5
53921,1
53991,1
53991,2
53994,1
53994,0
53994,2
54010,1
54010,0
54010,5
54043,1
54043,5
54053,1
54053,0
54065,0
54071,9
54077,1
54077,0
54082,0
54082,1
54082,5
54098,0
54123,0
54123,1
54182,5
54182,1
54182,0
54213,3
54213,1
54213,0
54410,1
54410,0
54411,1
54411,4
54411,0
54411,9
54411,10
54499,0
54499,2
54564,1
54564,5
54564,0
54573,2
54573,18
54573,62
54607,1
54607,0
54620,0
54699,4
54699,1
54699,3
54699,0
54719,0
54719,1
54719,4
54719,3
54730,0
54768,1
54768,5
54768,0
54768,15
54858,0
54926,1
54951,0
54951,5
54951,1
54958,0
54958,1
54958,5
55023,0
55023,1
55030,0
55030,1
55030,2
55034,3
55034,1
55034,4
55038,0
55052,0
55064,0
55091,14
55091,4
55091,27
55091,39
55160,5
55160,1
55160,0
55170,1
55170,6
55179,0
55179,7
55179,186
55179,5
55179,1
55209,1
55209,5
55212,7
55212,186
55212,5
55212,0
55223,0
55223,1
55251,1
55251,0
55268,1
55282,1
55282,5
55282,0
55315,1
55315,12
55350,8
55350,0
55350,1
55350,5
55350,6
55350,9
55414,1
55414,4
55414,12
55414,6
55414,2
55493,5
55493,1
55493,0
55493,4
55493,3
55493,13
55544,1
55544,0
55560,1
55560,2
55560,18
55560,62
55643,1
55643,0
55643,2
55643,13
55689,7
55689,186
55689,0
55689,5
55691,1
55691,0
55691,3
55704,0
55704,7
55704,186
55705,0
55711,1
55711,5
55711,0
55711,13
55717,1
55717,4
55717,0
55726,1
55779,0
55781,8
55781,4
55781,1
55815,0
55836,1
55836,3
55847,1
55857,1
55857,5
55857,0
55864,1
55946,1
55946,0
55946,2
55946,10
55946,11
55946,9
55989,4
55989,3
55989,1
55989,2
55989,0
55989,24
55989,6
55998,7
55998,186
55998,5
55998,15
55998,0
55998,2
56099,1
56099,3
56099,2
56123,0
56129,1
56129,8
56137,1
56137,5
56139,1
56139,0
56182,0
56190,0
56225,0
56225,1
56239,1
56284,0
56284,1
56284,18
56284,62
56325,4
56325,0
56344,0
56344,1
56344,4
56344,6
56344,3
56406,4
56406,0
56407,8
56426,1
56426,2
56439,0
56439,7
56439,186
56468,1
56530,0
56530,1
56530,24
56541,0
56561,0
56563,1
56563,5
56637,1
56637,5
56637,0
56637,7
56637,186
56643,0
56643,1
56668,0
56668,1
56668,5
56671,9
56671,25
56671,1
56680,1
56680,3
56680,0
56697,0
56697,1
56725,1
56790,1
56815,1
56815,0
56831,0
56837,0
56895,4
56895,3
56895,1
56895,2
56895,0
56895,24
56895,6
56933,1
56949,26
57067,1
57067,13
57087,0
57087,1
57100,0
57100,5
57100,1
57201,0
57201,1
57201,5
57223,0
57282,1
57407,1
57409,0
57409,7
57409,186
57460,0
57491,1
57491,0
57539,1
57539,5
57539,4
57539,26
57539,13
57539,14
57561,22
57570,1
57570,0
57570,3
57580,0
57580,1
57580,5
57654,0
57654,1
57654,5
57666,6
57666,4
57666,0
57692,1
57692,3
57692,4
57692,26
57733,0
57733,1
57736,1
57736,5
57736,0
57736,18
57736,62
57743,0
57745,1
57752,1
57776,1
57776,0
57801,1
57801,0
57801,5
57809,1
57829,1
57840,3
57840,18
57840,62
57840,2
57840,4
57840,9
57862,1
57862,4
57862,3
57875,0
57875,2
57875,1
57876,1
57876,5
57876,32
57885,1
57885,15
57902,0
57902,1
57902,4
57921,1
58024,35
58024,1
58024,4
58024,26
58024,13
58024,0
58024,11
58024,6
58024,9
58034,1
58034,3
58034,4
58034,13
58034,0
58057,4
58059,0
58064,22
58064,0
58084,0
58084,4
58084,1
58084,18
58084,62
58104,1
58104,13
58104,4
58234,0
58248,0
58257,1
58257,18
58257,62
58258,1
58258,31
58258,30
58258,144
58258,7
58258,186
58258,13
58258,0
58276,0
58276,1
58276,8
58277,0
58307,4
58321,0
58321,1
58321,8
58370,1
58424,1
58424,0
58472,1
58472,5
58472,0
58472,7
58472,186
58554,1
58554,33
58554,12
58557,1
58557,4
58557,13
58565,1
58565,5
58565,0
58565,2
58565,29
58581,7
58581,186
58649,1
58649,31
58677,1
58677,5
58677,15
58677,2
58677,0
58677,4
58677,3
58716,1
58716,0
58716,22
58774,0
58774,2
58774,18
58774,62
58798,0
58798,1
58830,1
58830,0
58830,3
58830,29
58830,26
58863,1
58863,0
58863,2
58898,0
58898,1
58898,4
58898,3
58935,0
58947,0
58947,2
59046,5
59046,7
59046,186
59046,1
59046,0
59046,26
59046,4
59046,9
59059,0
59059,1
59108,4
59108,2
59150,1
59193,1
59193,0
59245,1
59277,0
59277,1
59313,5
59313,1
59314,1
59314,5
59319,0
59343,0
59343,1
59343,5
59422,1
59422,5
59422,0
59445,0
59445,2
59445,1
59449,6
59449,5
59449,0
59464,5
59464,1
59479,13
59479,31
59479,1
59479,12
59610,12
59610,1
59610,4
59610,2
59658,0
59658,1
59658,5
59658,15
59668,18
59668,62
59668,1
59668,17
59728,26
59728,13
59728,1
59728,0
59732,0
59732,5
59732,1
59732,4
59732,3
59761,0
59761,1
59761,28
59766,1
59766,0
59805,0
59805,2
59805,4
59805,1
59805,26
59828,14
59828,4
59828,19
59828,3
59828,9
59844,0
59844,16
59844,23
59888,0
59888,1
59897,1
59897,5
59897,0
59917,4
59917,3
59917,1
59917,2
59917,0
59917,24
59917,6
59930,1
59930,5
59930,0
59930,4
59930,13
59948,0
59948,1
59948,29
59955,0
59955,26
59969,0
60022,1
60022,0
60032,1
60032,5
60032,0
60038,0
60038,1
60038,14
60104,5
60104,0
60104,1
60104,3
60104,4
60104,13
60116,1
60116,3
60116,0
60233,0
60240,1
60240,0
60240,2
60294,1
60294,0
60294,3
60327,1
60373,1
60380,0
60380,9
60380,7
60380,186
60452,0
60452,16
60472,0
60479,16
60479,0
60479,1
60479,18
60479,62
60503,0
60548,1
60548,0
60548,5
60553,1
60553,0
60553,6
60555,8
60555,0
60568,0
60584,0
60592,0
60594,14
60594,0
60621,1
60621,0
60624,0
60624,20
60624,30
60624,144
60624,12
60632,1
60632,0
60650,0
60650,1
60650,4
60679,0
60679,1
60679,3
60702,5
60702,1
60702,0
60709,20
60724,0
60724,1
60732,0
60732,1
60758,1
60758,2
60799,0
60825,0
60825,5
60825,1
60850,5
60850,4
60850,1
60879,0
60879,4
60879,1
60879,5
60930,1
60930,4
60930,0
60930,2
60989,1
60992,0
60998,0
61040,5
61040,1
61068,0
61068,1
61068,5
61068,3
61072,4
61072,3
61072,1
61072,2
61072,0
61072,24
61072,6
61119,1
61132,0
61132,5
61143,1
61143,0
61143,4
61143,14
61177,0
61177,7
61177,186
61177,1
61266,0
61285,0
61285,23
61396,1
61396,5
61428,8
61453,0
61453,1
61495,0
61495,1
61532,2
61532,0
61532,4
61532,13
61532,1
61556,0
61556,14
61556,1
61600,0
61602,7
61602,186
61602,1
61642,6
61642,0
61642,2
61642,18
61642,62
61642,12
61642,25
61642,4
61642,1
61684,0
61684,23
61728,0
61742,0
61777,1
61777,0
61792,3
61792,0
61792,1
61792,4
61883,0
61883,2
61883,1
61883,4
61883,6
61883,3
61893,1
61893,0
61901,5
61901,1
61901,0
61901,3
61901,4
61901,13
61901,22
61907,1
61907,0
61931,7
61931,186
61948,1
61948,0
62101,1
62101,3
62101,8
62101,0
62101,2
62109,0
62109,1
62109,5
62112,2
62112,4
62112,12
62112,1
62112,18
62112,62
62161,1
62161,7
62161,186
62161,0
62185,1
62185,0
62185,4
62185,2
62203,1
62203,4
62211,1
62211,26
62211,8
62213,0
62213,1
62213,5
62309,0
62309,14
62309,1
62360,1
62391,1
62391,3
62514,1
62514,0
62577,0
62577,1
62624,4
62624,1
62628,0
62628,1
62629,0
62682,5
62682,1
62682,0
62682,4
62691,0
62691,1
62691,4
62691,3
62691,8
62699,4
62699,1
62699,0
62699,2
62720,5
62720,1
62817,0
62859,1
62859,0
62900,0
62900,1
62900,4
62900,3
62900,26
62968,1
62977,1
63024,1
63024,0
63084,4
63084,1
63106,0
63108,3
63146,0
63146,1
63146,5
63154,9
63154,10
63154,11
63168,22
63168,0
63176,17
63176,0
63176,4
63303,0
63303,16
63303,14
63303,1
63303,5
63303,7
63303,186
63314,1
63314,0
63319,0
63336,4
63336,1
63336,7
63336,186
63352,0
63352,5
63352,1
63410,1
63410,0
63497,7
63497,186
63497,1
63510,0
63513,0
63513,1
63513,4
63547,26
63547,1
63634,0
63634,7
63634,186
63652,1
63652,4
63652,2
63652,0
63697,0
63711,0
63711,1
63711,4
63711,5
63711,18
63711,62
63738,1
63738,0
63832,1
63832,2
63873,0
63883,0
63944,0
63946,1
63946,7
63946,186
63946,5
63960,1
63960,5
63960,0
63960,4
63960,13
63960,14
63971,3
63980,0
63980,1
64056,0
64160,1
64184,0
64184,1
64233,0
64307,3
64307,1
64307,14
64349,0
64349,2
64349,1
64362,8
64362,1
64389,5
64389,1
64389,4
64389,0
64405,1
64405,0
64451,2
64460,0
64460,5
64488,0
64488,16
64488,14
64488,1
64488,4
64488,5
64488,20
64498,0
64498,5
64498,1
64567,1
64583,0
64635,8
64635,0
64635,7
64635,186
64778,7
64778,186
64778,5
64778,1
64849,1
64849,0
64849,18
64849,62
64849,4
64849,39
64977,1
64977,0
64984,0
64984,1
65007,0
65057,1
65098,1
65098,5
65152,0
65152,5
65178,0
65178,1
65179,8
65196,8
65196,0
65203,5
65203,1
65240,1
65240,0
65240,6
65240,2
65243,3
65296,0
65316,0
65341,8
65341,1
65341,0
65357,28
65405,0
65405,5
65405,1
65464,1
65464,5
65464,0
65464,4
65464,26
65464,31
65464,30
65464,144
65501,1
65501,2
65512,7
65512,186
65512,0
65512,5
65512,1
65533,1
65533,4
65544,0
65544,1
65544,6
65600,0
65600,1
65600,5
65617,0
65617,3
65617,1
65629,1
65629,5
65629,4
65753,5
65753,1
65753,0
65754,7
65754,186
65754,23
65761,0
65774,1
65774,9
65774,4
65774,2
65816,1
65826,7
65826,186
65826,15
65839,0
65914,1
65914,4
65993,8
66022,0
66046,0
66046,1
66054,3
66054,1
66054,4
66054,0
66103,0
66103,5
66103,1
66147,4
66147,3
66147,1
66147,2
66147,0
66147,24
66147,6
66166,0
66166,1
66166,5
66166,9
66178,9
66178,8
66208,0
66208,1
66208,5
66254,0
66264,1
66264,0
66378,1
66378,0
66456,0
66483,1
66483,5
66537,0
66537,1
66537,7
66537,186
66537,5
66537,12
66603,1
66603,5
66603,0
66630,1
66630,3
66630,4
66630,6
66630,2
66630,18
66630,62
66648,1
66648,0
66648,2
66665,4
66665,3
66665,1
66665,2
66665,0
66665,24
66665,6
66753,0
66786,1
66844,0
66844,2
66912,2
66912,0
66912,1
66950,0
66950,1
66951,0
66951,1
66951,8
67066,4
67066,3
67066,1
67066,8
67066,0
67084,3
67107,32
67130,1
67130,0
67130,3
67168,0
67168,8
67176,0
67176,1
67294,26
67294,0
67294,1
67294,5
67308,0
67362,1
67362,7
67362,186
67362,5
67362,0
67362,14
67362,4
67362,13
67362,10
67404,0
67404,1
67414,0
67439,0
67507,0
67507,1
67507,5
67507,3
67509,1
67509,13
67509,4
67509,5
67519,0
67519,1
67575,0
67601,2
67605,0
67605,16
67605,1
67615,1
67615,0
67636,0
67636,2
67636,14
67636,5
67636,1
67641,3
67641,1
67643,0
67713,1
67718,3
67718,4
67718,1
67718,6
67718,0
67718,18
67718,62
67719,4
67719,3
67719,1
67719,2
67719,0
67719,24
67719,6
67724,32
67724,1
67724,0
67795,1
67795,0
67898,0
67898,1
67898,5
67956,5
67956,0
67956,1
67956,3
67956,4
67956,13
67960,0
67988,1
67988,0
68038,1
68038,0
68088,7
68088,186
68088,5
68088,1
68096,0
68118,0
68120,0
68125,1
68125,5
68125,0
68146,4
68146,3
68146,1
68146,0
68147,1
68147,0
68184,8
68249,0
68343,2
68343,1
68343,4
68343,14
68364,0
68407,0
68407,1
68412,1
68428,3
68428,0
68428,4
68506,0
68506,23
68550,1
68550,0
68593,0
68660,0
68660,1
68660,5
68660,22
68660,42
68660,14
68715,3
68715,0
68736,0
68736,5
68736,1
68756,1
68758,1
68758,10
68758,11
68758,9
68758,0
68758,2
68763,0
68763,1
68766,1
68766,0
68766,6
68766,4
68778,1
68778,6
68790,0
68839,1
68839,5
68839,3
68842,1
68842,20
68842,0
68842,5
68842,6
68842,30
68842,144
68845,1
68845,4
68845,3
68845,0
68865,1
68865,0
68865,4
68865,3
68865,32
68866,1
68892,1
68892,0
68933,5
68933,1
68933,7
68933,186
68955,8
68955,1
68955,5
68955,0
68991,5
69025,2
69025,1
69037,0
69037,1
69037,5
69037,2
69065,4
69065,0
69067,1
69088,8
69109,0
69109,4
69109,9
69131,0
69131,1
69131,6
69131,8
69194,0
69194,1
69194,5
69195,6
69195,5
69195,1
69195,26
69195,31
69220,0
69220,1
69262,7
69262,186
69345,8
69357,0
69376,3
69376,1
69418,12
69418,1
69418,8
69431,1
69431,0
69463,1
69463,3
69463,0
69476,0
69476,26
69501,1
69501,38
69566,26
69579,1
69579,0
69742,1
69759,1
69795,0
69795,1
69795,5
69795,11
69795,10
69840,0
69840,1
69840,5
69869,4
69869,1
69886,1
69932,1
69932,6
69932,5
69932,0
69932,7
69932,186
70066,4
70066,3
70066,1
70078,0
70133,1
70133,10
70133,11
70133,9
70142,15
70142,1
70142,5
70142,7
70142,186
70188,0
70188,1
70188,3
70244,0
70244,1
70244,4
70244,16
70302,4
70302,1
70302,0
70332,5
70332,1
70332,0
70354,1
70354,5
70354,0
70428,0
70428,5
70428,7
70428,186
70428,1
70457,15
70457,7
70457,186
70457,1
70457,9
70457,5
70457,13
70457,0
70468,0
70468,7
70468,186
70468,1
70468,5
70568,1
70568,0
70568,6
70625,7
70625,186
70625,0
70639,1
70639,4
70639,2
70668,0
70668,3
70668,4
70669,1
70703,1
70708,0
70708,1
70711,1
70711,0
70711,18
70711,62
70766,8
70766,0
70776,1
70776,5
70776,0
70792,0
70843,1
70858,1
70858,13
70858,12
70859,1
70859,44
70859,5
70859,29
70859,8
70877,1
70889,0
70889,5
70889,1
70889,4
70889,10
70892,0
70909,0
70909,1
70945,0
70951,4
70951,9
70951,10
71018,1
71018,5
71077,4
71099,1
71223,4
71223,3
71223,1
71223,2
71223,0
71223,24
71223,6
71249,1
71249,6
71296,0
71296,5
71296,1
71300,1
71306,8
71306,2
71322,0
71387,1
71387,3
71387,0
71390,4
71390,18
71390,62
71390,0
71391,0
71391,2
71434,5
71434,1
71440,0
71440,23
71440,1
71448,1
71448,0
71448,5
71502,1
71508,0
71526,0
71526,1
71555,1
71555,0
71568,1
71658,26
71659,1
71659,0
71659,3
71659,4
71659,6
71659,2
71659,18
71659,62
71670,0
71670,1
71678,0
71678,1
71744,1
71744,0
71749,0
71779,8
71796,0
71817,0
71833,0
71842,1
71842,0
71865,0
71865,2
71865,1
71865,5
71865,4
71865,13
71865,3
71865,8
71890,6
71891,0
71904,1
71904,3
71904,4
71904,30
71904,144
71904,8
71984,0
71984,1
72087,0
72087,1
72090,0
72090,1
72140,0
72140,5
72140,1
72336,0
72416,16
72416,0
72429,32
72429,10
72429,9
72429,0
72495,0
72495,1
72513,1
72698,5
72698,1
72698,15
72704,4
72704,16
72704,0
72734,5
72734,1
72734,4
72734,3
72734,7
72734,186
72734,15
72785,0
72790,5
72790,1
72794,0
72813,5
72813,0
72813,7
72813,186
72816,0
72816,1
72846,2
72846,12
72846,1
72852,0
72868,1
72868,0
72868,2
72926,0
72926,1
72926,5
72971,1
72971,4
72971,13
72971,3
72971,0
72979,0
72980,1
73003,0
73003,1
73311,0
73311,20
73311,5
73311,1
73326,5
73326,1
73326,15
73347,0
73347,1
73347,4
73371,1
73371,6
73371,0
73371,18
73371,62
73392,0
73392,1
73447,1
73447,5
73491,0
73491,1
73491,9
73496,0
73496,22
73496,10
73496,9
73496,1
73497,0
73517,1
73517,4
73517,7
73517,186
73542,0
73603,0
73603,16
73603,1
73605,0
73605,16
73658,1
73658,4
73658,7
73658,186
73658,5
73796,0
73796,1
73809,0
73820,1
73820,0
73912,18
73912,62
73913,0
73913,1
73913,4
73913,14
73916,4
73916,3
73916,1
73916,2
73916,0
73916,6
74048,0
74048,28
74048,18
74048,62
74048,20
74048,1
74048,2
74052,1
74052,18
74052,62
74052,8
74091,5
74091,1
74098,1
74221,1
74221,4
74221,0
74221,8
74243,1
74243,13
74255,7
74255,186
74385,0
74385,1
74387,0
74387,2
74387,1
74387,5
74387,8
74387,4
74387,13
74387,3
74423,1
74423,8
74423,0
74453,8
74453,0
74453,2
74453,1
74453,4
74453,13
74461,0
74461,1
74461,3
74473,1
74473,4
74473,3
74473,0
74473,2
74473,18
74473,62
74486,0
74515,1
74537,4
74537,9
74537,13
74537,7
74537,186
74537,1
74547,0
74547,2
74616,5
74616,1
74616,0
74616,28
74621,0
74621,1
74621,5
74691,1
74691,8
74708,0
74711,1
74711,25
74738,5
74738,1
74738,0
74752,0
74787,0
74787,1
74868,8
74888,0
74888,1
74888,2
74933,1
74933,0
74986,0
74986,5
74986,1
75082,7
75082,186
75091,0
75102,14
75102,1
75135,5
75135,1
75136,0
75136,5
75145,1
75145,5
75146,1
75152,1
75152,39
75152,8
75152,4
75169,0
75169,1
75209,5
75209,1
75209,0
75223,1
75223,5
75223,0
75223,13
75250,7
75250,186
75250,0
75250,5
75250,4
75250,13
75250,1
75287,0
75287,1
75287,5
75287,7
75287,186
75321,0
75352,16
75352,0
75352,1
75354,1
75354,3
75361,8
75361,1
75361,0
75361,19
75362,1
75362,0
75362,2
75362,10
75362,14
75398,0
75398,1
75398,5
75456,0
75460,0
75564,0
75564,5
75564,1
75575,4
75575,1
75575,0
75583,1
75583,5
75589,1
75589,39
75597,0
75597,8
75791,0
75791,1
75791,20
75857,0
75873,1
75962,11
76004,1
76004,5
76004,4
76004,0
76036,1
76036,0
76036,8
76052,0
76052,6
76052,1
76104,23
76123,0
76123,1
76123,4
76123,9
76261,1
76261,0
76288,9
76288,14
76288,4
76288,1
76288,25
76288,0
76288,18
76288,62
76288,44
76288,5
76315,36
76315,1
76315,15
76315,8
76315,37
76330,1
76330,0
76394,5
76394,1
76394,0
76394,2
76455,1
76455,5
76455,0
76455,4
76455,3
76458,1
76464,1
76589,4
76589,1
76611,1
76611,5
76649,0
76701,0
76701,5
76701,1
76717,0
76727,8
76727,0
76744,2
76864,1
76864,5
76864,0
76903,2
76903,0
76903,3
76903,1
76903,8
76906,1
76906,5
76906,0
76906,7
76906,186
76961,1
76961,6
77012,0
77016,1
77025,0
77028,1
77053,0
77080,36
77087,0
77087,1
77097,1
77103,0
77226,4
77226,1
77226,0
77237,1
77319,7
77319,186
77319,5
77319,1
77345,0
77345,1
77360,1
77360,3
77368,1
77368,3
77368,0
77405,0
77410,1
77410,0
77436,0
77436,1
77443,1
77443,0
77464,1
77464,5
77464,0
77469,3
77469,0
77517,0
77517,1
77517,5
77524,0
77530,1
77530,4
77530,3
77530,14
77530,7
77530,186
77530,0
77530,5
77530,18
77530,62
77609,0
77609,2
77617,0
77617,20
77642,5
77648,1
77648,5
77698,2
77698,0
77698,1
77698,4
77698,9
77698,3
77700,1
77700,4
77700,0
77700,3
77700,26
77700,13
77734,1
77734,0
77778,1
77792,1
77824,0
77852,1
77852,5
77852,8
77917,1
77917,0
77950,1
77966,0
77966,1
77967,45
77990,0
78018,14
78018,1
78018,4
78018,9
78022,4
78022,3
78022,1
78022,0
78022,8
78027,0
78044,0
78044,1
78044,2
78044,6
78046,1
78046,0
78070,7
78070,186
78070,5
78070,1
78111,0
78162,44
78162,1
78182,0
78182,1
78278,1
78278,0
78314,0
78314,1
78327,0
78365,1
78365,9
78365,11
78365,10
78365,16
78405,0
78405,1
78405,8
78439,0
78439,4
78439,1
78458,1
78496,1
78496,0
78496,18
78496,62
78542,1
78542,0
78542,2
78542,4
78586,0
78593,1
78606,1
78606,5
78606,0
78649,4
78649,1
78656,8
78656,1
78656,3
78711,1
78711,5
78712,0
78727,25
78727,9
78727,0
78727,35
78770,0
78786,1
78786,0
78786,5
78786,7
78786,186
78789,1
78789,5
78799,0
78799,14
78799,16
78799,1
78799,20
78819,0
78819,1
78835,16
78835,1
78835,0
78835,8
78853,0
78853,1
78864,3
78914,0
78914,1
78914,5
78941,1
78941,5
78941,4
78941,12
78941,3
78941,8
78941,2
78964,0
79060,1
79109,0
79109,5
79109,1
79114,0
79114,27
79172,0
79172,1
79384,7
79384,186
79384,0
79400,1
79400,0
79400,9
79413,8
79424,1
79424,0
79424,7
79424,186
79434,1
79472,0
79472,1
79472,3
79495,1
79495,5
79495,0
79495,22
79524,0
79550,0
79550,6
79590,0
79651,4
79651,30
79651,144
79651,1
79651,14
79651,13
79732,2
79756,35
79761,0
79788,1
79789,0
79812,1
79812,0
79821,0
79858,1
79858,0
79866,4
79866,3
79866,1
79866,2
79866,0
79866,24
79866,6
79967,0
79967,1
80058,1
80058,20
80097,1
80097,0
80183,0
80183,5
80183,1
80199,1
80199,5
80199,0
80273,5
80273,1
80273,0
80273,7
80273,186
80273,4
80293,8
80314,0
80378,0
80383,0
80383,1
80476,4
80476,13
80476,1
80588,14
80588,13
80588,1
80588,5
80588,4
80613,3
80613,1
80613,5
80613,0
80613,15
80666,26
80666,13
80666,0
80666,30
80666,144
80666,11
80666,1
80666,6
80684,8
80692,0
80703,1
80703,5
80703,30
80703,144
80703,0
80703,13
80703,4
80703,2
80703,18
80703,62
80722,26
80788,0
80804,1
80804,5
80804,4
80804,0
80804,2
80849,7
80849,186
80849,22
80855,7
80855,186
80855,0
80879,0
80879,7
80879,186
80879,1
80879,5
80879,3
80901,1
80901,0
80910,1
80910,0
80910,3
80910,5
80953,1
80953,20
80953,12
80957,4
80957,13
80957,1
80957,5
80966,1
80966,0
81133,4
81149,46
81159,0
81214,1
81214,7
81214,186
81246,2
81246,4
81246,3
81246,1
81251,0
81369,1
81369,0
81371,0
81371,1
81371,5
81398,0
81398,1
81398,5
81411,1
81411,4
81411,3
81411,0
81542,18
81542,62
81542,7
81542,186
81542,5
81542,1
81575,0
81575,22
81575,1
81589,5
81589,1
81609,0
81609,1
81622,0
81622,1
81641,1
81641,4
81641,0
81692,4
81692,1
81706,0
81706,2
81731,1
81731,0
81731,17
81731,9
81778,8
81778,5
81778,1
81778,0
81852,1
81852,5
81866,0
81866,1
81877,4
81877,1
81933,0
81940,1
81944,26
82005,1
